nom,prenom,email,gsm
nom0,prenom0,email0@dom.net,+33 6 12345678
nom1,prenom1,email1@dom.net,+33 6 12345678
nom2,prenom2,email2@dom.net,+33 6 12345678
nom3,prenom3,email3@dom.net,+33 6 12345678
nom4,prenom4,email4@dom.net,+33 6 12345678
nom5,prenom5,email5@dom.net,+33 6 12345678
nom6,prenom6,email6@dom.net,+33 6 12345678
nom7,prenom7,email7@dom.net,+33 6 12345678
nom8,prenom8,email8@dom.net,+33 6 12345678
nom9,prenom9,email9@dom.net,+33 6 12345678
nom10,prenom10,email10@dom.net,+33 6 12345678
nom11,prenom11,email11@dom.net,+33 6 12345678
nom12,prenom12,email12@dom.net,+33 6 12345678
nom13,prenom13,email13@dom.net,+33 6 12345678
nom14,prenom14,email14@dom.net,+33 6 12345678
nom15,prenom15,email15@dom.net,+33 6 12345678
nom16,prenom16,email16@dom.net,+33 6 12345678
nom17,prenom17,email17@dom.net,+33 6 12345678
nom18,prenom18,email18@dom.net,+33 6 12345678
nom19,prenom19,email19@dom.net,+33 6 12345678
nom20,prenom20,email20@dom.net,+33 6 12345678
nom21,prenom21,email21@dom.net,+33 6 12345678
nom22,prenom22,email22@dom.net,+33 6 12345678
nom23,prenom23,email23@dom.net,+33 6 12345678
nom24,prenom24,email24@dom.net,+33 6 12345678
nom25,prenom25,email25@dom.net,+33 6 12345678
nom26,prenom26,email26@dom.net,+33 6 12345678
nom27,prenom27,email27@dom.net,+33 6 12345678
nom28,prenom28,email28@dom.net,+33 6 12345678
nom29,prenom29,email29@dom.net,+33 6 12345678
nom30,prenom30,email30@dom.net,+33 6 12345678
nom31,prenom31,email31@dom.net,+33 6 12345678
nom32,prenom32,email32@dom.net,+33 6 12345678
nom33,prenom33,email33@dom.net,+33 6 12345678
nom34,prenom34,email34@dom.net,+33 6 12345678
nom35,prenom35,email35@dom.net,+33 6 12345678
nom36,prenom36,email36@dom.net,+33 6 12345678
nom37,prenom37,email37@dom.net,+33 6 12345678
nom38,prenom38,email38@dom.net,+33 6 12345678
nom39,prenom39,email39@dom.net,+33 6 12345678
nom40,prenom40,email40@dom.net,+33 6 12345678
nom41,prenom41,email41@dom.net,+33 6 12345678
nom42,prenom42,email42@dom.net,+33 6 12345678
nom43,prenom43,email43@dom.net,+33 6 12345678
nom44,prenom44,email44@dom.net,+33 6 12345678
nom45,prenom45,email45@dom.net,+33 6 12345678
nom46,prenom46,email46@dom.net,+33 6 12345678
nom47,prenom47,email47@dom.net,+33 6 12345678
nom48,prenom48,email48@dom.net,+33 6 12345678
nom49,prenom49,email49@dom.net,+33 6 12345678
nom50,prenom50,email50@dom.net,+33 6 12345678
nom51,prenom51,email51@dom.net,+33 6 12345678
nom52,prenom52,email52@dom.net,+33 6 12345678
nom53,prenom53,email53@dom.net,+33 6 12345678
nom54,prenom54,email54@dom.net,+33 6 12345678
nom55,prenom55,email55@dom.net,+33 6 12345678
nom56,prenom56,email56@dom.net,+33 6 12345678
nom57,prenom57,email57@dom.net,+33 6 12345678
nom58,prenom58,email58@dom.net,+33 6 12345678
nom59,prenom59,email59@dom.net,+33 6 12345678
nom60,prenom60,email60@dom.net,+33 6 12345678
nom61,prenom61,email61@dom.net,+33 6 12345678
nom62,prenom62,email62@dom.net,+33 6 12345678
nom63,prenom63,email63@dom.net,+33 6 12345678
nom64,prenom64,email64@dom.net,+33 6 12345678
nom65,prenom65,email65@dom.net,+33 6 12345678
nom66,prenom66,email66@dom.net,+33 6 12345678
nom67,prenom67,email67@dom.net,+33 6 12345678
nom68,prenom68,email68@dom.net,+33 6 12345678
nom69,prenom69,email69@dom.net,+33 6 12345678
nom70,prenom70,email70@dom.net,+33 6 12345678
nom71,prenom71,email71@dom.net,+33 6 12345678
nom72,prenom72,email72@dom.net,+33 6 12345678
nom73,prenom73,email73@dom.net,+33 6 12345678
nom74,prenom74,email74@dom.net,+33 6 12345678
nom75,prenom75,email75@dom.net,+33 6 12345678
nom76,prenom76,email76@dom.net,+33 6 12345678
nom77,prenom77,email77@dom.net,+33 6 12345678
nom78,prenom78,email78@dom.net,+33 6 12345678
nom79,prenom79,email79@dom.net,+33 6 12345678
nom80,prenom80,email80@dom.net,+33 6 12345678
nom81,prenom81,email81@dom.net,+33 6 12345678
nom82,prenom82,email82@dom.net,+33 6 12345678
nom83,prenom83,email83@dom.net,+33 6 12345678
nom84,prenom84,email84@dom.net,+33 6 12345678
nom85,prenom85,email85@dom.net,+33 6 12345678
nom86,prenom86,email86@dom.net,+33 6 12345678
nom87,prenom87,email87@dom.net,+33 6 12345678
nom88,prenom88,email88@dom.net,+33 6 12345678
nom89,prenom89,email89@dom.net,+33 6 12345678
nom90,prenom90,email90@dom.net,+33 6 12345678
nom91,prenom91,email91@dom.net,+33 6 12345678
nom92,prenom92,email92@dom.net,+33 6 12345678
nom93,prenom93,email93@dom.net,+33 6 12345678
nom94,prenom94,email94@dom.net,+33 6 12345678
nom95,prenom95,email95@dom.net,+33 6 12345678
nom96,prenom96,email96@dom.net,+33 6 12345678
nom97,prenom97,email97@dom.net,+33 6 12345678
nom98,prenom98,email98@dom.net,+33 6 12345678
nom99,prenom99,email99@dom.net,+33 6 12345678
nom100,prenom100,email100@dom.net,+33 6 12345678
nom101,prenom101,email101@dom.net,+33 6 12345678
nom102,prenom102,email102@dom.net,+33 6 12345678
nom103,prenom103,email103@dom.net,+33 6 12345678
nom104,prenom104,email104@dom.net,+33 6 12345678
nom105,prenom105,email105@dom.net,+33 6 12345678
nom106,prenom106,email106@dom.net,+33 6 12345678
nom107,prenom107,email107@dom.net,+33 6 12345678
nom108,prenom108,email108@dom.net,+33 6 12345678
nom109,prenom109,email109@dom.net,+33 6 12345678
nom110,prenom110,email110@dom.net,+33 6 12345678
nom111,prenom111,email111@dom.net,+33 6 12345678
nom112,prenom112,email112@dom.net,+33 6 12345678
nom113,prenom113,email113@dom.net,+33 6 12345678
nom114,prenom114,email114@dom.net,+33 6 12345678
nom115,prenom115,email115@dom.net,+33 6 12345678
nom116,prenom116,email116@dom.net,+33 6 12345678
nom117,prenom117,email117@dom.net,+33 6 12345678
nom118,prenom118,email118@dom.net,+33 6 12345678
nom119,prenom119,email119@dom.net,+33 6 12345678
nom120,prenom120,email120@dom.net,+33 6 12345678
nom121,prenom121,email121@dom.net,+33 6 12345678
nom122,prenom122,email122@dom.net,+33 6 12345678
nom123,prenom123,email123@dom.net,+33 6 12345678
nom124,prenom124,email124@dom.net,+33 6 12345678
nom125,prenom125,email125@dom.net,+33 6 12345678
nom126,prenom126,email126@dom.net,+33 6 12345678
nom127,prenom127,email127@dom.net,+33 6 12345678
nom128,prenom128,email128@dom.net,+33 6 12345678
nom129,prenom129,email129@dom.net,+33 6 12345678
nom130,prenom130,email130@dom.net,+33 6 12345678
nom131,prenom131,email131@dom.net,+33 6 12345678
nom132,prenom132,email132@dom.net,+33 6 12345678
nom133,prenom133,email133@dom.net,+33 6 12345678
nom134,prenom134,email134@dom.net,+33 6 12345678
nom135,prenom135,email135@dom.net,+33 6 12345678
nom136,prenom136,email136@dom.net,+33 6 12345678
nom137,prenom137,email137@dom.net,+33 6 12345678
nom138,prenom138,email138@dom.net,+33 6 12345678
nom139,prenom139,email139@dom.net,+33 6 12345678
nom140,prenom140,email140@dom.net,+33 6 12345678
nom141,prenom141,email141@dom.net,+33 6 12345678
nom142,prenom142,email142@dom.net,+33 6 12345678
nom143,prenom143,email143@dom.net,+33 6 12345678
nom144,prenom144,email144@dom.net,+33 6 12345678
nom145,prenom145,email145@dom.net,+33 6 12345678
nom146,prenom146,email146@dom.net,+33 6 12345678
nom147,prenom147,email147@dom.net,+33 6 12345678
nom148,prenom148,email148@dom.net,+33 6 12345678
nom149,prenom149,email149@dom.net,+33 6 12345678
nom150,prenom150,email150@dom.net,+33 6 12345678
nom151,prenom151,email151@dom.net,+33 6 12345678
nom152,prenom152,email152@dom.net,+33 6 12345678
nom153,prenom153,email153@dom.net,+33 6 12345678
nom154,prenom154,email154@dom.net,+33 6 12345678
nom155,prenom155,email155@dom.net,+33 6 12345678
nom156,prenom156,email156@dom.net,+33 6 12345678
nom157,prenom157,email157@dom.net,+33 6 12345678
nom158,prenom158,email158@dom.net,+33 6 12345678
nom159,prenom159,email159@dom.net,+33 6 12345678
nom160,prenom160,email160@dom.net,+33 6 12345678
nom161,prenom161,email161@dom.net,+33 6 12345678
nom162,prenom162,email162@dom.net,+33 6 12345678
nom163,prenom163,email163@dom.net,+33 6 12345678
nom164,prenom164,email164@dom.net,+33 6 12345678
nom165,prenom165,email165@dom.net,+33 6 12345678
nom166,prenom166,email166@dom.net,+33 6 12345678
nom167,prenom167,email167@dom.net,+33 6 12345678
nom168,prenom168,email168@dom.net,+33 6 12345678
nom169,prenom169,email169@dom.net,+33 6 12345678
nom170,prenom170,email170@dom.net,+33 6 12345678
nom171,prenom171,email171@dom.net,+33 6 12345678
nom172,prenom172,email172@dom.net,+33 6 12345678
nom173,prenom173,email173@dom.net,+33 6 12345678
nom174,prenom174,email174@dom.net,+33 6 12345678
nom175,prenom175,email175@dom.net,+33 6 12345678
nom176,prenom176,email176@dom.net,+33 6 12345678
nom177,prenom177,email177@dom.net,+33 6 12345678
nom178,prenom178,email178@dom.net,+33 6 12345678
nom179,prenom179,email179@dom.net,+33 6 12345678
nom180,prenom180,email180@dom.net,+33 6 12345678
nom181,prenom181,email181@dom.net,+33 6 12345678
nom182,prenom182,email182@dom.net,+33 6 12345678
nom183,prenom183,email183@dom.net,+33 6 12345678
nom184,prenom184,email184@dom.net,+33 6 12345678
nom185,prenom185,email185@dom.net,+33 6 12345678
nom186,prenom186,email186@dom.net,+33 6 12345678
nom187,prenom187,email187@dom.net,+33 6 12345678
nom188,prenom188,email188@dom.net,+33 6 12345678
nom189,prenom189,email189@dom.net,+33 6 12345678
nom190,prenom190,email190@dom.net,+33 6 12345678
nom191,prenom191,email191@dom.net,+33 6 12345678
nom192,prenom192,email192@dom.net,+33 6 12345678
nom193,prenom193,email193@dom.net,+33 6 12345678
nom194,prenom194,email194@dom.net,+33 6 12345678
nom195,prenom195,email195@dom.net,+33 6 12345678
nom196,prenom196,email196@dom.net,+33 6 12345678
nom197,prenom197,email197@dom.net,+33 6 12345678
nom198,prenom198,email198@dom.net,+33 6 12345678
nom199,prenom199,email199@dom.net,+33 6 12345678

